{
  "name": "knockout-projections",
  "version": "1.1.0",
  "homepage": "https://github.com/SteveSanderson/knockout-projections",
  "authors": [
    "Microsoft Corporation"
  ],
  "description": "Observable maps and filters for Knockout observable arrays",
  "main": "dist/knockout-projections.min.js",
  "moduleType": [
    "amd",
    "globals",
    "node"
  ],
  "keywords": [
    "Knockout"
  ],
  "license": "Apache 2.0",
  "ignore": [
    "**/.*",
    "node_modules",
    "bower_components",
    "spec"
  ],
  "dependencies": {
    "knockout": "~3.1.0"
  },
  "_release": "1.1.0",
  "_resolution": {
    "type": "version",
    "tag": "v1.1.0",
    "commit": "f59d4a2a07c91c0d1e68e05f7492e7a7f275802c"
  },
  "_source": "git://github.com/SteveSanderson/knockout-projections.git",
  "_target": "~1.1.0",
  "_originalSource": "knockout-projections"
}