{
  "name": "aterrien/jQuery-Knob",
  "version": "1.2.9",
  "main": "js/jquery.knob.js",
  "description": "Nice, downward compatible, touchable, jQuery dial.",
  "license": "MIT",
  "ignore": [],
  "dependencies": {
    "jquery": ">=1.7.0"
  },
  "devDependencies": {},
  "homepage": "https://github.com/aterrien/jQuery-Knob",
  "_release": "1.2.9",
  "_resolution": {
    "type": "version",
    "tag": "1.2.9",
    "commit": "4d6b6d4b82fb50bc057ce8192728a44c104aaf4b"
  },
  "_source": "git://github.com/aterrien/jQuery-Knob.git",
  "_target": "~1.2.9",
  "_originalSource": "jquery-knob",
  "_direct": true
}