{
  "name": "keen-js",
  "version": "3.0.9",
  "homepage": "https://github.com/keenlabs/keen-js",
  "authors": [
    "Dustin Larimer <dustin@keen.io>"
  ],
  "description": "JS Library for the Keen IO API",
  "keywords": [
    "analytics",
    "metrics",
    "tracking",
    "logging",
    "stats",
    "pageviews",
    "keen",
    "keen.io",
    "keen-io"
  ],
  "license": "MIT",
  "main": "./dist/keen.min.js",
  "ignore": [
    "**/.*",
    "config",
    "bower_components",
    "node_modules",
    "src",
    "test",
    "Gruntfile.js",
    "*.json",
    "*.md"
  ],
  "devDependencies": {
    "mocha": "~1.18.2",
    "chai": "~1.9.1",
    "sinon": "http://sinonjs.org/releases/sinon-1.9.0.js",
    "sinon-ie": "http://sinonjs.org/releases/sinon-ie-1.9.0.js",
    "requirejs-bower": "2.1.14"
  },
  "_release": "3.0.9",
  "_resolution": {
    "type": "version",
    "tag": "v3.0.9",
    "commit": "6a008b5bd247a55e01aeb1b02396af81a505faa8"
  },
  "_source": "git://github.com/keenlabs/keen-js.git",
  "_target": "~3.0.9",
  "_originalSource": "keen-js",
  "_direct": true
}